source,target,weight
58864876,65116894,1
95391479,56742651,1
95391479,34128857,1
25801550,96294923,1
55762359,53884327,1
42314346,78127355,1
70947459,36716787,1
72925615,90395400,1
9949194,2598964,1
93156967,14475720,1
74025836,87129992,4
91519769,2598964,1
36852913,2598964,1
55231398,53884327,1
25788905,95355134,1
75376461,33295329,1
89750836,53884327,1
45111496,95355134,1
13886055,53884327,1
96552237,15972792,1
13886055,95355134,1
13886055,72173705,4
13886055,9663742,1
95317705,87129992,2
43643990,55949073,2
43643990,63649393,1
12654602,819665,2
48476642,42936281,3
17392847,33295329,1
70168501,53493374,1
89750836,95355134,1
83265269,24324066,5
17392847,95355134,1
65985091,96294923,1
52070123,15972792,1
61464361,7669939,1
7583772,26467170,6
88825505,39434829,1
36309169,39434829,1
36309169,89973818,1
36309169,65116894,1
3269605,31346162,3
57235422,95355134,1
37321859,97382002,2
47874634,65116894,1
67853866,65116894,1
32403023,97382002,2
92053500,31346162,1
68789085,31346162,3
27827896,65116894,1
37441152,15972792,1
85278640,97382002,2
82455342,73556233,1
1100123,12036144,1
76408872,41683487,1
73706213,97382002,1
45192883,33701534,1
66677097,97382002,1
65985091,36006222,1
43410047,56333932,1
32816599,27822384,4
75376461,15697392,2
20422483,89973818,2
82455342,95765034,2
134794,15697392,1
74696294,77075734,3
20074152,49261032,2
28569950,42936281,5
2135162,15697392,1
53087240,61085536,1
89074082,23687239,1
38773152,45305600,1
36753539,46074709,1
14777179,246824,4
49867992,56333932,1
61085536,1820227,1
54153353,52465314,1
34159135,15896377,2
97039311,77792424,12
75376461,92053500,2
88563079,92053500,1
43410047,41683487,1
7175750,53378308,1
89460620,7175750,1
69672062,15697392,1
69672062,89973818,1
94553933,95288339,1
40464931,95026042,2
26976856,72173705,1
22497957,95026042,1
44632826,15697392,1
89495019,1208350,2
46292963,16238318,3
97190895,31938042,1
14450194,69614174,1
44499652,26987973,8
11154956,12711275,1
13567631,9515916,1
85760664,246824,2
38085694,13584432,6
94401983,246824,3
88825505,92053500,1
95391479,59533749,1
17092064,64532837,1
9848995,92053500,1
31355737,49261032,2
68974130,97382002,3
81644396,97382002,5
70155768,59533749,1
92053500,15697392,1
17092064,33295329,1
57995388,56742651,1
18913828,49261032,2
67848183,72173705,1
70155768,64532837,1
70155768,33295329,1
7583772,49261032,5
53912617,89973818,3
7583772,246824,4
79425270,92053500,1
7583772,56610896,1
81651203,92053500,1
39149654,49261032,8
64915146,43232737,15
1004696,89973818,2
14449766,72173705,2
9107240,28836917,2
95391479,15697392,1
45111496,92053500,1
55762359,75922144,1
25788905,60705670,1
71888706,95765034,1
9494783,77792424,1
51778721,92053500,2
27643385,92053500,2
26532213,45113309,1
26532213,76122223,2
13344908,33295329,1
95135529,33295329,1
59909494,246824,4
15294200,27230170,3
10580962,93322196,15
87865259,92053500,2
6314605,88784279,6
96922398,77792424,1
99895617,75922144,1
56721084,246824,2
82865101,81442990,2
49119829,62384794,1
62596632,246824,1
39467755,47495235,3
7131802,246824,2
36753539,97382002,1
78505263,97898629,1
8152867,44881144,1
23639240,75922144,1
8967965,50245601,2
68098119,56610896,1
83265269,66510845,3
35640750,246824,5
36108085,246824,2
81166408,97382002,1
89706475,27650073,1
89706475,2105215,1
89706475,10593766,1
27265866,246824,4
89706475,26876173,1
38928361,15697392,5
39762458,88784279,3
70424975,76122223,2
70424975,45113309,1
38928361,99895617,1
89706475,56742651,1
71760376,246824,3
89706475,95391479,1
84360501,89973818,1
38928361,34252900,1
38928361,86231890,2
89706475,74234169,1
58417407,24011228,1
22811501,27822384,3
38928361,70986556,1
89706475,64532837,1
78113946,31870300,3
59182739,54265539,1
89706475,52465314,1
89706475,33295329,1
89706475,85679594,1
62043373,46074709,2
56721084,66510845,3
49702625,3839148,3
56721084,24011228,1
88816670,34605883,6
34224797,34605883,6
97190895,98394544,1
57235422,86231890,1
71888706,41683487,2
45192883,46074709,3
95391479,89973818,3
11767966,90395400,1
44491136,9945162,3
84892320,93322196,2
7703950,26987973,11
19001188,97382002,1
38928361,29267274,1
38928361,5642476,1
79425270,89973818,2
75376461,89973818,3
55654887,39586864,1
51126759,49261032,1
3269605,89973818,4
45837208,66510845,1
32403023,46074709,1
38928361,89973818,2
72829996,41683487,1
29922146,72523480,4
4248563,39212005,1
22255783,31346162,1
52627890,65116894,1
85363555,72523480,6
38361011,97382002,1
36971564,44631307,1
98535918,99072012,3
51778721,95355134,1
9239462,65116894,1
97190895,9192786,6
88016427,49530166,1
45478497,65116894,1
75120131,15949490,1
99991538,22640619,1
9307726,73595134,3
21872435,45384371,3
71562987,95355134,1
67619451,65116894,1
14450194,41383682,1
63441788,53493374,1
32436427,98040305,2
32436427,33788779,4
32436427,8573084,2
89278590,43973229,1
79952000,60338742,1
29465161,65116894,1
38512504,7669939,1
26302876,7669939,1
55428127,20471779,2
59593209,99072012,2
40324826,99072012,1
40324826,73595134,9
59593209,73595134,1
27502627,27822384,4
25740037,65460140,5
43004808,20992520,1
17877010,22640619,1
98161119,73595134,9
21582415,89973818,2
85530495,52465314,1
85530495,89973818,1
85530495,56742651,1
20381071,563267,2
47810824,41683487,1
24773262,97382002,2
95391479,52465314,2
134794,33295329,1
26000350,563267,3
36591889,42695363,1
76366749,563267,2
88563079,89973818,1
99543225,563267,2
25113167,88546433,5
35919562,563267,3
29836168,49261032,2
50169586,27650073,1
21579416,563267,3
50786544,563267,3
12654602,563267,2
56524165,563267,2
80604597,21169464,1
42404853,563267,3
89750836,70986556,1
96922486,563267,3
68428067,563267,2
80604597,97645251,1
65472141,44881144,2
49287296,86231890,1
2947226,20967931,1
79916153,17037383,1
12610119,18783091,1
45682589,44881144,2
42549984,18783091,1
61416500,17037383,1
86298302,91632112,1
68974130,36447886,2
18553565,17037383,1
47810824,59356019,1
35092033,49261032,8
35092033,246824,5
17487924,97382002,3
33125835,35310977,1
15697392,83860362,1
86298302,83860362,1
19935161,70986556,1
10580962,97309031,1
68974130,50208859,1
55762359,83860362,1
23639240,52465314,2
59094512,46292963,2
6252339,17037383,1
13868640,8361835,2
86298302,89973818,1
95391479,39434829,1
53396924,563267,2
55476069,59356019,2
29143887,44881144,2
51565659,15896377,3
19935161,89973818,1
95391479,91632112,1
62330316,95026042,7
80589617,20967931,1
89750836,39434829,1
40049809,48985192,1
81202608,87945456,1
88563079,33295329,1
36306187,39434829,1
95135529,52465314,1
57235422,14271956,1
95135529,39434829,1
86298302,33312159,1
23639240,39434829,1
14982130,74984982,1
95135529,83860362,1
86298302,39434829,1
72943648,74984982,2
55231398,75922144,1
93962012,24011228,1
99895617,72173705,1
93962012,246824,3
26777403,92630813,1
58228913,41463081,5
86218114,22640619,1
1405200,22640619,1
81134552,66363641,1
50338466,246824,2
929188,7298567,1
53087240,7298567,1
81134552,22640619,1
55231398,41265691,1
46074709,7298567,1
23915872,22640619,1
52680142,15646473,1
95391479,8227373,2
54523458,99764755,4
65379426,48520858,3
88563079,72173705,1
17509641,65116894,1
41919688,95026042,2
70148212,2598964,1
26867341,2598964,1
47436635,72173705,2
26867341,65116894,1
34115977,18555480,1
47545616,61215672,1
54145110,20630993,1
60634581,62062332,1
86800243,49606948,2
86800243,246824,6
35466522,92630813,1
35466522,36447886,1
32489882,95026042,6
134794,72173705,1
52627890,82503848,1
79114326,15972792,1
88563079,8227373,1
34115977,78722511,1
33434316,83344118,2
45111496,86231890,1
20974474,21199047,1
65851137,89973818,1
98130302,56220033,1
26302876,29467702,1
58197994,2598964,1
10163569,49261032,7
13238725,44631307,3
62391870,9663742,1
65985091,63221825,3
23730023,97382002,3
85960183,73595134,6
84623525,33295329,1
55654887,31355737,1
98535918,73595134,9
58091250,95355134,1
13674218,7669939,1
38928361,72173705,2
65942493,52465314,1
38928361,9663742,1
30097590,73595134,8
9144083,15972792,1
87682098,65116894,1
50065845,73595134,8
74048031,95026042,3
81004083,5256205,2
71129401,56978184,1
12320210,43395385,1
20381071,56220033,1
10172977,41202492,1
6156471,65116894,1
76931466,65460140,18
24774973,96684111,1
11424893,91148590,1
15221397,15870311,2
88075478,71432012,1
88075478,79719301,1
31082444,21199047,1
2135162,9663742,1
49332637,65116894,1
93604152,89973818,2
7548150,9144083,1
87865259,9663742,1
11424893,88546433,1
57235422,9663742,1
77204384,46074709,3
9107240,27230170,1
8416647,36904441,1
53484076,56610896,1
21647425,563267,2
71562987,86231890,1
33223295,89973818,1
59668417,89973818,2
35640750,56610896,1
18749776,89973818,1
9848995,89973818,2
51778721,89973818,2
53480640,89973818,2
2135162,89973818,2
34719156,89973818,3
15697392,89973818,3
9848995,39434829,1
7288851,39586864,1
43564295,66510845,1
39586864,24324066,1
43564295,49261032,1
75962025,13273827,1
85679387,46074709,1
53134238,83860362,1
58091250,86231890,1
74953343,20766236,1
8380030,60746837,1
4930242,56160664,1
61085536,20430139,1
15697392,69861453,1
15697392,70986556,1
1581751,27822384,3
55112244,563267,3
8808553,563267,2
85006125,46074709,1
24674935,6252339,1
74095614,66510845,1
24674935,46074709,1
37442555,39434829,1
75925840,1820227,1
53368243,46074709,2
38928361,33312159,1
50303844,16191580,1
53484076,66510845,1
32436427,54265539,1
99895617,89973818,1
10395102,563267,3
81004083,17053342,1
93594832,26987973,2
38928361,83860362,1
38928361,39434829,1
85679387,17037383,1
85679387,97382002,1
12872339,52465314,1
65470187,17037383,1
46664656,97382002,4
46664656,46074709,1
58808516,22944757,1
72728478,563267,2
68216113,97382002,3
20232496,49261032,4
49283356,78707509,1
51778721,70986556,1
57972593,89973818,1
65213552,563267,3
56721084,24324066,2
63337912,95026042,4
56721084,15776235,1
62043373,5117214,1
64634750,99004711,1
62043373,17037383,1
85760664,49261032,1
57701076,563267,3
13344908,95135529,1
66828386,563267,3
47520522,563267,1
15940879,563267,3
14449766,52465314,1
14449766,33295329,1
81644396,6252339,1
55231398,70986556,1
68192184,563267,2
59909494,49261032,2
2891435,27822384,1
24773262,5117214,1
35985346,563267,3
45111496,83860362,1
32489423,563267,3
42196428,563267,3
20422483,83860362,1
97106266,563267,2
49417044,563267,3
26777403,39212005,1
49332637,68713499,1
33896133,94359703,1
26302876,68713499,1
12408228,39212005,1
2497140,71950826,5
50338466,24324066,1
86208999,39212005,1
70727995,246824,4
70727995,24011228,1
35644872,49261032,2
95897476,39212005,1
61826439,48520858,1
45111496,39434829,1
96585798,31794532,1
49997514,66363641,1
91216674,49261032,4
35242547,196324,1
95391479,97323196,1
10163569,246824,4
38085694,35694981,2
86298302,76145372,1
38928361,33295329,2
73042185,15255950,1
73042185,44881144,2
47520522,26987973,1
31605161,563267,3
28601116,35694981,2
15382830,55459642,1
18913828,246824,3
17392847,92053500,2
39306352,46292963,1
4830061,7548150,1
15221397,92923013,1
35738285,65116894,1
15221397,81835731,1
76000084,43973229,2
49219164,76145372,1
49219164,43973229,1
45111496,9663742,1
49219164,89973818,1
46526699,48520858,1
11375274,94359703,1
34299070,31809212,1
34299070,43973229,2
78675178,43973229,1
86298302,20630993,2
39477491,9144083,1
64850877,95026042,4
509112,20630993,1
95902420,27822384,3
39762458,10649858,1
97619140,83344118,2
44357979,90395400,2
12302433,69608165,1
11375274,43973229,1
49778774,8227373,1
62159269,89973818,2
17799209,43973229,2
64130465,99826277,5
64130465,84413043,6
45111496,97323196,1
84623525,8227373,1
59182739,20471779,2
54153353,72173705,2
89598779,65116894,1
95135529,84360501,1
89074082,15896377,1
55476069,26987973,15
41887188,43973229,2
57235422,18783091,1
45111496,18783091,1
87432494,15896377,2
70947459,65116894,1
67439129,75486987,7
24719649,28344085,1
12908472,41683487,2
84350983,65116894,1
34570970,15896377,2
69125066,85538292,1
74063482,38778634,1
86787881,40487974,2
88825505,72173705,1
70947459,43973229,1
3669659,36954083,2
60734009,6845856,2
72943648,84895689,1
13886055,20630993,2
77204384,11377527,1
41098894,91148590,1
84350983,48520858,1
51778721,72173705,1
52180990,95026042,1
55231398,20630993,1
88563079,18783091,1
34570970,52180990,2
34159135,95026042,3
21521032,89973818,2
1100123,31079554,1
98337684,65116894,1
84623525,97323196,1
22497957,52180990,2
22512723,32379045,1
44325515,65116894,1
69687148,69608165,1
22512723,35694981,4
7902369,43973229,1
36108085,49261032,5
33479607,43232737,1
60653175,23832077,1
25699946,72173705,1
67280471,92053500,1
17833766,39212005,1
58066068,35694981,1
68233965,81776145,1
10609373,94359703,1
12908472,56333932,1
68974130,22944757,1
67202540,95026042,2
98340383,79596369,1
46833666,41066038,1
62043373,97382002,1
53195785,77075734,2
6859926,17037383,1
45111496,76145372,1
62764753,13584432,2
70251070,35694981,2
29154242,76145372,1
98340383,15088285,4
77413620,62384794,1
1625413,97382002,4
55520105,41066038,1
49778774,76145372,1
45111496,41066038,1
55520105,59533749,1
95391479,76145372,1
45111496,59533749,1
44632826,59533749,1
42549984,15710005,1
20630993,59533749,1
12168984,96596877,1
68789085,17037383,1
43372485,46074709,2
37321859,46074709,1
21042386,83164521,1
58066068,4930242,1
78505263,31751591,1
43372485,5117214,1
86208999,46074709,1
14809333,17037383,1
19986521,5256205,2
78885719,41683487,1
66955610,41683487,1
46894281,15255950,1
48829426,41683487,1
46894281,44881144,2
22497957,23687239,1
14585150,41683487,1
98056858,97382002,2
61205425,89973818,1
13238725,73720038,1
55051185,17037383,1
83058399,26987973,4
94553933,13584432,1
17487924,46074709,1
59182739,79409268,1
17559286,41683487,3
82455342,41683487,6
61157057,72829996,1
17559286,73556233,1
51378765,41683487,2
94485819,56742651,1
94485819,52465314,1
94485819,33295329,1
9596347,21199047,1
17529650,24011228,1
10441252,15972792,1
72793502,65116894,1
95135529,95391479,2
95135529,86231890,1
16937295,46292963,5
5335095,65116894,1
19465415,43232737,1
40316232,21199047,1
34982076,15972792,1
57995388,72173705,1
73438584,21199047,1
99483670,43141888,2
66243625,15972792,1
9166630,66363641,1
97945879,21199047,1
12478273,87551508,1
68004481,21199047,1
90856652,92630813,1
44290916,92630813,1
32310652,20630993,1
79307189,24140813,4
64330052,71950826,3
95391479,18783091,2
43395385,69608165,1
58197994,65116894,1
97190895,16926222,7
99309472,36447886,1
16926222,87679989,46
60662514,43973229,2
46037781,18783091,1
46037781,89973818,1
70424975,26532213,1
89278590,48520858,1
72943648,39477491,1
72943648,9144083,1
19332856,17412318,1
47890227,60338742,1
97106266,60338742,1
39477491,74984982,1
8416647,73840845,1
8416647,56849453,1
73706213,61085536,1
42404853,60338742,1
86298302,97323196,1
79916153,61085536,1
53368243,61085536,1
68416415,59533749,1
8438125,71322781,1
76000084,23928263,1
8152867,15255950,1
81851038,17852225,1
228350,81457089,1
21647425,60338742,1
61085536,97382002,1
89699416,60338742,1
62391870,59533749,1
36904441,60338742,1
38928361,59533749,1
3269605,72173705,4
36306187,76145372,1
59668417,72173705,3
14450194,68713499,1
13785959,41683487,2
46074709,97382002,1
13785959,82455342,2
62043373,39212005,1
77026967,56610896,1
12279801,75922144,2
57235422,39434829,1
12279801,33295329,1
45192883,39212005,1
20346224,70200633,6
33803587,49261032,1
29143887,15255950,1
46515781,19001188,1
2135162,59533749,1
97542189,36447886,1
51778721,76145372,1
28130379,47860624,1
41314232,49261032,6
26302876,3207492,1
57995388,39434829,1
13238725,59874259,4
68428067,60338742,1
88563079,86231890,1
13886055,76145372,1
13457308,71888706,1
54223426,89973818,2
91587638,8227373,1
9214582,26873100,1
61157057,71888706,1
9214582,43973229,1
9214582,52998147,1
93190259,43973229,1
76626421,52998147,1
76626421,43973229,1
51378765,82455342,1
17833766,19001188,1
66677097,61085536,1
13457308,41683487,1
13457308,82455342,3
15120516,8997176,1
34975451,8227373,2
12661198,43973229,1
86787881,76708060,1
95778054,43973229,1
42917618,65460140,9
7175750,29467702,1
12661198,31809212,1
7175750,5373856,1
82906256,43973229,1
82865101,43973229,1
63177544,26873100,1
63177544,43973229,1
77813753,43973229,2
72936386,43973229,2
15382830,46292963,2
49119829,3207492,1
49119829,69614174,1
74953343,43973229,1
23046216,30913075,4
47195764,97382002,4
78505263,9144083,1
62209274,56849453,1
50972749,69614174,1
15697392,76145372,1
83595207,613328,1
71007398,45917939,1
47399658,9144083,1
45837208,79719301,1
9084999,76708060,1
60705670,9663742,1
26606224,78221577,1
26606224,65116894,1
74856148,35157317,1
88825505,20630993,1
28026166,56220033,1
99200873,52548622,1
83221304,65116894,1
37441152,65116894,1
41098894,65116894,1
95391479,41265691,1
99200873,8723858,1
74856148,15972792,1
13674218,65116894,1
14625564,41265691,1
60634581,2598964,1
43758908,2598964,1
42549984,92630813,1
17392847,8227373,1
12998737,246824,2
68626587,21199047,1
19491271,92630813,1
28262822,2598964,1
45111496,41265691,1
68192184,56220033,1
44290916,65116894,1
42404853,56220033,1
65985091,65116894,1
86298302,9663742,1
44290916,2598964,1
60634581,65116894,1
86298302,41265691,1
28262822,65116894,1
17392847,72173705,1
27066481,65116894,1
15896377,95026042,5
66081638,60338742,1
66677097,7298567,1
17392847,20630993,2
36670772,65116894,1
66081638,56220033,1
55476069,28836917,5
95778054,65116894,1
81741925,51824266,1
81741925,49261032,3
12376678,39477491,2
54145110,81457089,1
33434316,43973229,1
44250680,9144083,1
26033830,65116894,1
509112,72173705,2
22232290,65116894,1
20630993,9663742,1
32310652,18783091,1
81997637,90395400,3
23684953,94359703,1
99275589,33683915,1
83644704,84642433,1
52226594,72523480,3
15120516,33683915,1
35831046,30423618,1
86298302,31346162,1
86298302,24047487,1
95135529,41265691,1
95135529,9663742,1
9494783,47364491,1
95135529,85071614,1
71210926,73230281,1
2135162,20630993,2
95135529,15697392,1
95135529,97154015,1
15353912,85071614,1
92008708,33683915,1
95135529,293899,1
95135529,24047487,1
95135529,47428699,1
57235422,20630993,2
92008708,36610783,1
6676802,69025752,2
95135529,11637265,1
95135529,47796773,1
95135529,44632826,1
12610119,20630993,1
95135529,31346162,2
90360931,10721637,6
17392847,3295917,1
79030979,69025752,1
27643385,95355134,1
99895617,95355134,1
78585257,95026042,4
5661213,10721637,5
58701486,95026042,3
99917885,33683915,1
79114326,19332856,1
79425270,20630993,2
16627314,20471779,1
44656240,39481873,1
68004481,33683915,1
43758908,69025752,1
14472814,56515021,1
71029956,45734118,1
58083331,88393877,1
81741806,32704320,3
48829426,82455342,1
75376461,97323196,1
63441788,32704320,1
95135529,13635546,1
95135529,97323196,1
44878598,88393877,1
21561590,88393877,1
52899336,96757524,1
84623525,86231890,1
916142,31809212,1
916142,43973229,1
73494415,45028424,1
67277306,95026042,2
18518217,37205737,1
65942493,74234169,1
79030979,43973229,1
13674218,61434326,1
34172837,65116894,1
26033830,2598964,1
64098641,49614784,1
21561590,97382002,1
45682589,33485627,1
55231398,13635546,1
60705670,34128857,1
1100123,22609227,1
17392847,56742651,1
73540026,62310732,1
44878598,97382002,5
26760606,31097864,4
60705670,31346162,1
60705670,78127355,1
15353912,9663742,1
43643990,8330773,1
90866490,69125066,2
77232480,44631307,3
77232480,58910349,1
44459700,35014469,1
14625564,89989809,1
18553565,46074709,1
21561590,46074709,3
929188,46074709,2
6501636,89973818,1
95391479,6501636,1
95391479,80446961,1
342108,12151785,1
45111496,6501636,1
75552517,20411063,3
91587638,34064051,1
74095614,246824,1
95391479,34064051,2
23730023,22145618,1
65004102,20349848,1
73722584,3721808,1
73103803,61710923,1
60705670,89989809,1
45111496,89989809,1
86298302,89989809,1
60843673,85274643,1
43395385,80049,1
79068119,27822384,2
66184021,81442990,1
19415687,79809248,1
82455934,27822384,3
86298302,34064051,1
53802647,74856148,1
16059078,10721637,4
69900465,3721808,1
68733883,60192806,2
9239462,74524596,1
47436635,89989809,1
55316334,26987973,3
59668417,89989809,1
73892273,34845390,1
25097673,39968189,2
8227373,85091635,1
13886055,34064051,2
50148388,45717989,1
75376461,1048150,1
37442555,34064051,1
73969351,20349848,1
88563079,34064051,2
62391870,34064051,1
83644704,33582043,1
39161448,60192806,1
98203890,49261032,3
98203890,246824,1
53368243,75925840,1
56110467,20411063,1
45073408,96122075,4
57043871,89507695,1
45111496,1048150,1
92066770,49261032,1
54153353,34064051,2
54153353,1048150,1
88825505,34064051,1
7583772,35014469,1
54153353,20630993,1
1004696,6501636,1
87870947,77075734,1
96498564,89973818,2
57969163,20349848,1
12967075,95417389,3
42740943,96156664,1
87823950,95026042,1
45192883,24598392,1
44261180,94340449,1
33465000,21909965,1
45647987,75486987,2
79425270,34064051,1
8212316,38536176,4
14982130,74856148,1
53802647,20349848,1
19747316,13852594,1
99004711,69608165,1
57969163,74856148,1
95391479,89989809,1
10441252,20349848,1
43758908,20349848,1
95391479,1048150,1
69097066,72319602,1
57235422,34064051,1
87073540,69025752,3
60286696,84587021,1
60286696,22567149,1
92066770,35014469,1
60286696,89973818,1
14982130,20349848,1
18609440,75486987,2
66677097,24598392,1
81741925,35014469,1
52029423,38536176,2
45262448,10721637,3
81851038,60192806,1
36108085,35014469,1
89039386,8330773,1
98716338,10827805,1
14625564,34064051,1
82893996,18303795,1
70727995,35014469,1
49522834,60192806,1
47436635,55762359,1
60789704,18796002,1
79919478,48976151,2
54157763,34338553,1
79490334,71712043,1
45192883,97382002,1
21019619,22609227,1
59182739,13994107,1
30692428,62062332,1
61892859,33788779,1
79425270,95355134,1
77813753,2598964,1
1479615,70261721,1
25740977,95026042,5
86298302,95355134,1
2891435,71712043,1
18553565,88393877,1
69975670,72173705,1
58910349,35028977,2
5476137,83469761,1
55231398,34128857,1
91697463,34128857,1
91697463,13635546,1
83507949,15896377,1
47399658,58879441,1
13133613,90395400,1
90243557,58879441,1
57969163,30314205,1
28454765,94359703,1
85862007,6676802,1
99815894,53561793,2
30114165,53561793,2
57043871,69025752,1
40150776,56160664,1
43257272,53561793,3
78275543,73230281,1
73438584,50245601,3
30692428,19332856,1
40150776,96294923,1
40150776,2598964,1
18805884,73276583,4
81134552,53561793,1
37918961,27435853,1
37918961,7583109,1
17877010,53561793,3
38008595,73230281,1
17062814,27435853,1
17062814,7583109,1
17062814,53561793,4
64098641,33683915,1
2290952,49261032,1
5983275,31346162,1
89495019,73230281,1
53034572,53561793,4
70937311,53561793,2
13348379,27435853,1
26777403,53561793,1
80049,53561793,1
69197166,53561793,2
83450716,53561793,2
45416250,53561793,2
1160370,53561793,2
74311497,53561793,2
30459676,49261032,1
15697392,20630993,2
31082444,37495513,1
42628712,47364491,1
81095305,49028604,2
30692428,69025752,1
19332856,69025752,2
19332856,11476871,1
90942490,16926222,52
36229552,3473868,1
83644704,18753826,1
86298302,64532837,2
50148388,33683915,1
69197166,40165791,1
37442555,24047487,1
86298302,3295917,1
3269605,20630993,2
9084999,40487974,2
56333153,56661842,1
56333153,84642433,2
61826439,66038813,1
89750836,89973818,1
95391479,41420011,1
38928361,95355134,1
97542189,97382002,1
13348379,5153506,1
38928361,34128857,1
55762359,89973818,1
45111496,95391479,1
29154242,89973818,1
38361011,88393877,1
45111496,72173705,1
39616118,14644441,1
34835009,10721637,4
38928361,95391479,3
38928361,53884327,1
38928361,55762359,1
86800243,49261032,4
38928361,55053041,1
12610119,89973818,1
42740943,74304883,1
58864876,94400752,1
17392847,86231890,1
97190895,8792986,7
95897476,929188,1
23639240,89973818,2
22497957,15896377,3
17963403,26987973,3
68382547,71712043,1
46833666,55053041,1
49261032,58514210,1
49261032,49606948,2
49773711,71712043,1
4830061,94400752,1
34975451,89973818,1
51484749,97498399,1
10112044,61434326,2
10112044,38512504,2
49332637,61434326,1
61205425,55053041,1
25113167,98101829,2
74159149,16926222,3
21143276,88393877,1
71085195,10721637,4
12872339,76145372,1
12872339,39434829,1
52899336,88240692,1
14625564,56742651,1
81202608,26987973,1
80970543,65116894,1
1026841,98101829,3
5967920,5153506,2
48958980,69025752,1
50495211,89344139,1
5983275,61870097,2
1405200,7583109,1
55431500,10721637,4
97190895,33295329,2
74838280,31346162,1
55520105,11637265,1
26976856,93756900,1
67848183,93756900,1
64497696,3721808,1
55520105,3295917,1
8078650,246824,3
95391479,33295329,1
41314232,246824,2
20422483,61870097,2
32489423,91110483,1
25352077,91110483,1
38928361,24047487,1
35242547,33683915,1
88563079,61870097,1
38928361,44632826,1
41314232,22947403,2
44200586,53561793,3
70200222,95391479,1
93399707,42682171,1
93399707,49261032,1
93399707,53838471,1
38928361,20630993,2
41314232,53838471,1
70148212,69025752,1
7288851,42682171,1
97117599,73230281,1
70200222,75922144,1
49997514,53561793,2
7288851,22947403,3
65722254,53561793,2
70200222,52465314,1
51484749,69025752,2
69418996,69025752,1
44250680,69025752,1
10163569,42682171,1
61620614,69025752,2
21082238,246824,2
34982076,88316937,1
95391479,21476275,1
38085694,75114131,10
91697463,47428699,1
39958382,42682171,1
85693610,69025752,1
10441252,88316937,1
53484076,49261032,2
2240995,74311497,1
98108692,49028604,1
2240995,53561793,1
59105408,95026042,2
57043871,88316937,1
62815928,33683915,1
96809604,95026042,5
72793502,80358041,1
90866490,49028604,1
37845291,69025752,1
87468129,53561793,3
43395385,53561793,1
9088200,49261032,1
47520522,490100,1
35844924,84587021,2
342108,33683915,1
9222916,69025752,2
9088200,38235592,1
41314232,42682171,1
39149654,42682171,1
72793502,69025752,1
25595965,81997637,1
44325515,69025752,1
41314232,89973818,1
33921727,42682171,1
58877532,53561793,2
91020018,53561793,2
65985091,89940910,1
25228788,53561793,3
20485953,74311497,1
15282821,30896234,1
20485953,53561793,1
9596347,33683915,1
43643990,69825136,1
4574317,40165791,1
81741925,53838471,1
15697392,95355134,1
8544497,95026042,1
45111496,11637265,1
10302670,53561793,2
41683089,33683915,1
41683089,22567149,1
39306352,84587021,2
68004481,22567149,1
22386838,84587021,2
2537771,33683915,1
13167671,84587021,2
40677005,84587021,2
99991538,53561793,3
49100692,7583109,1
49100692,53561793,3
58197994,69025752,1
95135529,89973818,2
77378678,22567149,1
5967920,53561793,2
54153353,64532837,1
65992026,53561793,4
77026967,246824,3
70561506,53561793,1
97619140,69025752,2
46792983,33683915,1
47617802,53561793,2
45162623,53561793,3
62478455,97498399,1
71257091,7583109,1
11829676,53561793,3
71257091,53561793,1
71549075,27435853,1
15896377,36709807,1
90856652,88393877,1
22512723,52397645,1
57235422,53884327,1
2629374,93125806,1
24038010,5153506,1
38928361,76145372,1
25740977,15896377,1
73706213,88393877,1
42266725,65116894,1
60705670,97154015,1
52070123,65116894,1
95391479,60544073,1
929188,88393877,1
80604597,49261032,2
58232435,65116894,1
95391479,97154015,1
60705670,55053041,1
65905331,10721637,4
83450716,17877010,1
86208999,88393877,1
31138716,24363402,1
70937311,5153506,1
33896133,65116894,1
87432494,95026042,2
87870947,2485695,2
48829426,71712043,1
87870947,32704320,1
9140182,45305600,1
13344908,55762359,1
69975670,44498069,1
69975670,9663742,1
25699946,53884327,1
71665720,65116894,1
86298302,55762359,1
86298302,53884327,1
44290916,15101714,1
86298302,18783091,1
95135529,55053041,1
86298302,95391479,2
95391479,13635546,1
22497957,36709807,3
86298302,8227373,1
70800600,71712043,1
86298302,56742651,1
78585257,15896377,1
45111496,55053041,1
89750836,55053041,1
13344908,55053041,1
57972593,55053041,1
86298302,55053041,1
57972593,9663742,1
67277306,15896377,1
19912370,29467702,1
1160370,5153506,2
62340911,5153506,2
45734118,22821148,1
60544073,56742651,1
31056902,29696191,1
79719301,246824,3
2923658,53101272,1
2923658,93756900,1
67670413,72173705,1
20974474,22567149,1
72936386,72173705,3
86800243,53838471,1
39406266,8330773,1
52074560,21739649,1
94401983,38235592,1
67869209,48804666,1
68626587,60192806,2
23915872,53561793,1
86212210,55012119,3
52313887,97382002,5
35644872,22947403,1
94401983,17529650,1
37442555,3295917,1
15221397,69292019,1
58686485,246824,1
39958382,246824,2
38288710,57032501,1
49859123,10721637,3
62209274,40324332,1
57235422,21476275,1
95602556,57032501,1
95602556,21739649,1
13480364,21739649,1
83841832,57032501,1
50148388,60192806,2
85933157,57032501,1
59668417,33295329,1
83802440,37571938,1
84582359,66715896,2
27123287,69504711,1
52074560,57032501,1
13480364,57032501,1
67310320,42682171,1
73722584,53561793,1
56729174,42682171,1
14449766,47796773,1
17392847,47428699,1
17392847,24047487,1
38773152,35666156,1
56371622,53561793,2
70800600,50169586,1
929188,53561793,1
17392847,15697392,1
79219541,38536176,1
58197994,19332856,1
30563452,33683915,1
31082444,33683915,1
72728478,91110483,1
51126759,14447645,1
46484604,53101272,2
66490034,84587021,2
17392847,89973818,1
66490034,33683915,1
24150624,20904738,1
4382310,246824,2
17392847,11637265,1
49522834,33683915,1
99275589,60192806,1
55654887,49261032,2
65942493,83860362,1
15656352,53561793,2
65942493,86231890,1
69900465,53561793,1
65472141,65116894,1
14303605,79556603,1
79719301,49261032,1
79719301,89973818,1
89750836,2980232,1
13785959,56333932,1
62596632,49261032,2
14303605,49115038,1
81651203,34128857,1
47436635,55053041,2
23280636,39187116,2
22042746,77075734,1
31138748,56742651,1
25266481,5153506,3
44656240,66615564,1
72411458,64430822,1
36753539,5153506,1
78127355,89973818,1
51778721,2980232,1
17392847,97154015,1
64333144,49249298,1
35640750,17529650,1
51778721,97154015,1
24171523,95026042,7
97190895,66615564,1
8227373,2980232,1
13412599,79420293,1
8587283,79420293,1
26606224,8470859,1
83265269,49249298,1
79068119,22609227,1
67853866,47399658,1
82455342,56333932,1
82455342,71888706,3
26302876,47399658,1
33479607,95026042,2
97645251,85677907,2
77232480,5476137,1
37321859,7298567,1
53932684,61434326,1
90856652,98394544,1
5117214,7298567,1
63737906,5476137,2
342108,75729527,1
29026558,62691227,1
66277622,23799812,1
86628397,89973818,1
52380117,55053041,1
50303844,25113299,2
50303844,55053041,1
43037891,35310977,1
75376461,41420011,1
13886055,56742651,1
13886055,55053041,1
52736833,95026042,4
80049,5153506,1
45111496,55762359,1
25788905,97805514,1
45111496,97154015,1
25788905,2980232,1
41256039,69025752,1
14625564,47796773,1
41256039,19332856,1
93594832,66609227,1
36670772,19332856,1
62080725,18753826,3
39958382,49261032,2
84582359,31346162,1
7220875,19332856,1
83364107,49261032,1
82491817,13595964,2
22337209,49261032,2
45111496,85071614,1
18749776,55053041,1
6207054,58879441,2
59145714,88316937,1
90208268,73757742,1
7028136,48804666,1
79425270,85071614,1
20630993,47796773,1
91455313,48804666,1
14625564,85071614,1
26346626,5153506,1
12376678,48920523,1
67670413,85071614,1
66050196,69025752,1
74095614,89973818,1
53159068,440094,1
20630993,85071614,1
20074152,89973818,1
53159068,69025752,1
81651203,24047487,1
42549984,2980232,1
3969636,53831914,1
37441152,19332856,1
66050196,19332856,1
82520206,69025752,1
81851038,7474623,2
7220875,69025752,1
78675178,69025752,1
14625564,24047487,1
53454565,88316937,1
92295824,19332856,1
92405757,19332856,1
42549984,24047487,1
70168501,88316937,1
60967551,19332856,1
13886055,24047487,1
19277042,19332856,1
10441252,19332856,1
13886055,31346162,1
11154956,89973818,1
76122223,88316937,1
13886055,47796773,1
19277042,69025752,1
58686485,89973818,1
2891435,69025752,1
2891435,11476871,1
64800973,88316937,1
75376461,31346162,1
92678077,73276583,1
89598779,88316937,1
65711079,45907461,1
9140182,67354151,1
27265866,89973818,1
58910349,63737906,1
83469761,35028977,1
37973275,89547591,1
12750493,11476871,1
61620614,88316937,1
54153353,31346162,1
12750493,69025752,1
45111496,31346162,1
24616358,69025752,2
36229552,88316937,1
50706906,33683915,1
10441252,69025752,1
68233965,69025752,1
69022320,15121476,1
67670413,44632826,1
80944468,20630993,2
14625564,20630993,1
31822395,97199358,1
46384640,97199358,2
7583772,89973818,1
67083603,89973818,1
97190895,50648393,1
24910488,95026042,4
53899315,87897387,1
40049809,5519570,2
13886055,85071614,1
36306187,24047487,1
36306187,31346162,1
62391870,85071614,1
62391870,47796773,1
62478455,80341177,1
52736833,27230170,1
54153353,3295917,1
69022320,2485695,1
89409160,9506725,2
43564295,42682171,1
41887188,69025752,1
78816204,65116894,1
75420978,27822384,3
86298302,85071614,1
27066481,69025752,1
33875028,69025752,1
85342726,41558693,1
21914721,69025752,1
85832483,9091422,1
9494783,61392223,1
42628712,61392223,1
90709839,49261032,2
72179470,41558693,1
31138748,3295917,1
45111496,3295917,1
18913828,42682171,1
69022320,69025752,1
49606948,89973818,1
23639240,31346162,1
12036144,66422163,1
59145714,29090670,1
57235422,15697392,1
1004696,34128857,1
57235422,85071614,1
8625320,3839148,5
1004696,3295917,1
1100123,66422163,1
60199803,19332856,1
66050196,11476871,1
54153353,97154015,1
59145714,24363402,1
94400752,85342726,1
509112,97154015,1
44967521,35664318,1
76778518,95288339,1
26867341,71712043,1
13480364,23799812,1
61416500,929188,1
85006125,97382002,3
86298302,97805514,1
98056858,33701534,1
82822077,40165791,1
2454721,27822384,7
3487782,49261032,2
60705670,72173705,1
2485695,69125066,1
71464146,14023548,1
52680142,17420752,1
71464146,42591005,1
85862007,11955557,1
13344908,72173705,1
45526924,60789704,1
45526924,18796002,1
42591005,14023548,1
4574317,10302670,1
59396342,39187116,2
39579460,34128857,1
62445368,72523926,1
83405993,55053041,1
36108085,14551639,1
36108085,21169464,1
60843673,39300421,2
83405993,89973818,1
73329277,49614784,1
98196544,17420752,1
21316000,21169464,1
20232496,17529650,1
34570970,36709807,1
53484076,17529650,1
17833766,36447886,1
45526924,71712043,1
69370913,22197156,1
65711079,42936281,1
19491271,99630562,1
38928361,59668417,1
7919360,1324469,1
55476069,3839148,1
86800243,79719301,1
3487782,246824,3
98108692,88316937,1
73608862,21739649,1
95778054,69025752,1
38928361,86298302,1
65581235,49261032,1
65581235,17529650,1
97945879,33683915,1
33803587,246824,3
57235422,72173705,2
38928361,61870097,2
78823770,69025752,2
95391479,72173705,2
78823770,74984982,1
19277042,80358041,1
38928361,47428699,1
1676102,246824,2
41250178,39406266,1
87870947,75481577,1
70366827,246824,2
94872636,95026042,5
6859926,72173705,3
73608862,57032501,1
97764777,3721808,1
68733883,33683915,1
97190895,134794,1
95135529,61870097,1
40677005,22567149,1
65581235,246824,1
95135529,72173705,2
62391870,20630993,2
55654887,246824,3
78517433,95026042,3
29154242,20630993,1
37442555,72173705,1
8438125,85575009,1
83841832,21739649,1
79952000,91110483,1
11375274,69504711,1
39511747,53561793,1
37098654,73230281,1
53484076,246824,1
34084748,246824,1
2947226,88316937,1
47890227,91110483,1
3359511,53561793,2
15991896,38235592,1
18749776,24047487,1
56978184,73757742,1
54153353,24047487,1
72653545,23669245,1
22497957,60364560,1
33681741,69025752,1
77232480,45565344,3
35092033,42682171,1
36971564,35028977,1
79719301,3487782,1
61892859,73276583,1
63737906,83469761,1
34084748,49261032,1
79490334,69025752,2
58910349,83469761,1
63737906,35028977,1
77232480,56565349,1
77232480,71694960,1
77232480,96600629,1
5476137,96600629,1
45111496,24047487,1
60446272,69025752,1
1886441,89110015,3
8470859,69025752,1
69370913,38802231,1
95902420,14198600,1
68789085,56742651,1
12342011,29933042,1
38928361,8227373,2
38928361,74234169,2
62708925,24047487,1
62708925,47796773,1
92295824,69025752,3
99895617,64532837,1
18199984,64532837,1
45282580,66422163,1
88563079,64532837,1
38928361,293899,1
75376461,47796773,1
68983027,49261032,1
14625564,64532837,1
57235422,64532837,1
57235422,24047487,1
57235422,293899,1
15120516,59251109,1
95391479,64532837,1
95391479,95355134,1
64800973,69025752,1
51096835,69025752,1
95391479,24047487,1
60967551,27017434,1
38928361,47796773,1
15697392,293899,1
22197156,38802231,1
14982130,19678318,1
69900465,5153506,1
66677097,98394544,1
20422483,72173705,2
86218114,5153506,1
86628397,2980232,1
73969351,65116894,1
32310652,2980232,1
53087240,97382002,6
60705670,89973818,2
32436427,18014467,1
22255783,89973818,1
55654887,89973818,1
58417407,49261032,1
29836168,89973818,1
83802440,49261032,2
56978184,47538614,4
73608862,23799812,1
50034124,89973818,2
46515781,36447886,1
36306187,55053041,1
13868640,21199047,1
52074560,23799812,1
49355738,70176535,2
49355738,64430822,1
64430822,70176535,2
64772727,75922144,1
75376461,56742651,1
38928361,97805514,1
62391870,97805514,1
37422707,22609227,1
134794,56742651,1
64772727,52465314,1
64772727,56742651,1
3269605,95391479,1
94553933,70251070,1
50486787,54380082,1
29154242,97154015,1
40115718,5153506,1
95794546,12067584,3
73329277,60192806,1
18145022,12067584,3
43768640,22609227,1
2565588,2574673,2
59668417,95391479,1
75962025,78527190,1
94401983,49261032,1
16415500,49261032,1
26842704,29933042,1
51565659,52281426,2
20425655,77868985,1
8529510,49530166,3
33921727,49261032,1
45416250,5153506,1
74497005,71712043,1
26976856,22821148,1
33921727,95391479,1
39579460,89973818,1
71029956,54380082,2
20630993,97805514,1
68416415,86231890,1
33921727,89973818,1
95070322,95026042,3
47083722,71712043,1
86794136,3878147,9
47399658,87462931,6
99120632,22609227,1
50228477,30314205,1
86794136,87682098,1
86794136,83890446,1
50169586,29933042,1
82893996,89973818,2
83841832,23799812,1
43898210,95026042,5
83881559,35170033,1
47399658,20745791,1
27017434,18753826,1
94485819,39300421,1
68789085,55053041,1
53932684,65116894,1
85933157,23799812,1
13164817,14184597,1
56729174,49261032,1
50486787,77075734,1
86532385,89973818,2
2135162,55053041,1
87870947,22042746,1
44539315,15896377,2
12478273,71712043,1
57235422,56742651,1
57235422,55053041,1
83364107,89973818,1
98161119,99072012,2
51778721,55053041,1
26842704,5153506,1
30563452,8723858,1
13674218,23799812,1
48849025,5153506,1
49261032,95391479,1
49261032,89973818,2
83364107,86231890,1
228350,89973818,2
54660041,22821148,2
35640750,89973818,1
70366827,49261032,1
41252002,36709807,3
49261032,18783091,1
49261032,70986556,1
49261032,86231890,1
49261032,9663742,1
41314232,39434829,1
57560456,65116894,1
80832753,5153506,1
27026757,14184597,1
14449766,89973818,2
17062814,22640619,1
51565659,95026042,6
18199984,293899,1
55231398,55053041,1
55231398,47796773,1
7028136,77056182,1
10172977,53101272,3
55231398,24047487,1
77430892,47796773,1
84582359,89973818,1
49495876,69025752,1
84582359,24047487,1
68789085,24047487,1
15697392,47796773,1
35092033,17529650,1
67670413,24047487,1
59668417,24047487,1
18783091,24047487,1
5983275,2980232,1
60967551,86267714,1
92405757,86267714,1
84582359,8227373,1
74772248,79974876,1
19465415,95026042,1
31182399,47796773,1
31182399,97154015,1
24047487,52465314,1
24047487,86231890,1
62391870,293899,1
88825505,293899,1
33896133,33823190,1
51778721,31346162,1
21582415,7289554,1
98203890,53838471,1
2135162,293899,1
64425994,96788640,1
20630993,293899,1
67310320,53838471,1
75412284,97498399,1
68789085,47796773,1
70620138,23799812,1
55051185,31346162,1
6156471,33823190,1
3269605,47796773,1
18783091,3295917,1
51778721,47796773,1
10112044,39077097,2
52067765,64196333,1
38288710,23799812,1
57235422,47796773,1
74234169,47796773,1
18913828,38235592,1
82893996,18783091,1
21316000,49261032,1
4382310,3487782,1
31346162,47796773,1
3269605,55053041,1
60706683,19934461,2
42196428,23799812,1
57969163,19678318,1
65004102,19678318,1
38928361,64532837,2
35640750,53838471,1
9088200,17529650,1
55654887,17529650,1
55654887,3487782,1
34115977,15944708,6
38085694,20471779,3
31840933,50245601,3
35640750,3487782,1
38928361,18783091,1
17392847,55053041,1
97190895,54197136,1
25266481,53561793,1
25266481,848133,1
59668417,18303795,1
17062814,63828990,1
62391870,15934575,1
18199984,74234169,1
45111496,74234169,1
49773711,27822384,1
57235422,12330843,1
24391405,66510845,1
94965121,7583109,1
94965121,53561793,1
61845035,75509641,1
31346162,12330843,1
15849569,18346203,1
75376461,72173705,2
32935031,75350042,1
97199358,64288605,1
40115718,53561793,2
49778774,18303795,1
6207054,35694981,2
6207054,49389949,1
15697392,18303795,1
39945124,53561793,3
58364693,50290848,2
18913828,66510845,1
29154242,70961586,1
29154242,67652246,1
13348379,53561793,1
97190895,87679989,1
12320210,3741052,1
85184879,53871943,1
90942490,87679989,6
14757840,22893216,1
14757840,58879441,2
30913075,53561793,1
42549984,77430892,1
20232496,246824,1
74492093,22437874,1
79253386,90433339,1
51490141,5584557,1
93430191,74995251,1
74492093,78955753,1
51490141,92244205,1
49119829,74995251,1
51490141,74995251,1
49119829,92244205,1
75962025,74995251,1
74206737,74995251,1
49119829,39727199,1
49119829,5584557,1
57235422,75449910,1
76648810,74995251,2
72144717,22437874,1
60236189,74995251,1
60236189,92244205,1
72144717,98642737,1
23715082,92244205,1
3036525,78955753,1
8544497,15896377,1
9166630,3721808,2
3036525,22437874,1
93623324,92244205,2
3036525,98642737,1
38361011,85679594,1
25113167,47118883,1
72144717,92244205,1
72144717,39727199,1
29897736,39727199,1
43898210,15896377,1
26073043,74995251,1
29897736,74995251,1
57943079,39605370,1
44500483,39727199,1
44500483,5584557,1
64910493,98642737,1
93258231,52465314,1
79952000,74995251,1
93258231,53884327,1
93258231,24047487,1
66081638,73840845,1
57943079,98642737,1
93156967,74995251,1
72144717,77636351,1
44196857,92244205,1
50972749,92244205,2
8808553,74995251,1
31864151,74995251,1
31864151,92514718,1
79802196,54246393,1
6273385,39727199,1
69900465,80049,1
13883827,74995251,2
72144717,84814003,1
76619680,85274643,1
86401805,39727199,1
83621482,15896377,2
58982660,98642737,1
5550234,98642737,1
26346626,65865138,1
71166517,18293639,2
10441252,96941836,1
31864151,39727199,1
9166630,53561793,3
52896642,74995251,1
67069892,74995251,1
59105408,15896377,1
62330316,15896377,1
95391479,61870097,1
86401805,74995251,1
53932684,95991840,1
99114444,88027971,1
90626854,74995251,1
3036525,84814003,1
60705670,85679594,1
43885262,74995251,2
53087240,85679594,1
2895768,74995251,1
22255783,61870097,1
58982660,74995251,1
72747857,12142098,1
53642340,74995251,1
60299242,84587021,2
27827896,44005017,4
46074709,25113299,1
68416415,61870097,1
99895617,61870097,2
41314232,31346162,1
7803612,74995251,2
10231657,74995251,1
35092033,81741925,1
27827896,65161824,1
53642340,98642737,1
82893996,61870097,2
82893996,34064051,2
96498564,34064051,2
93190259,23175988,1
99543225,99000528,1
85760664,14551639,1
8703698,74995251,2
93055223,5584557,1
93055223,74995251,1
62340911,3721808,1
65335779,72898963,1
86218114,53561793,1
56729174,23175988,1
43589230,74995251,2
38072641,23175988,1
43669689,74995251,2
79253386,88027971,1
77413620,74995251,1
67853866,74995251,1
77413620,92244205,1
28026166,74995251,1
74025836,99909215,1
7803612,5584557,1
44500483,74995251,1
28984974,74995251,2
98642737,74995251,1
2895768,39727199,1
70620138,74995251,1
88602755,91566030,1
61464361,72898963,1
40009251,98642737,1
26302876,72898963,1
21711609,95026042,4
40009251,84814003,1
40009251,22437874,1
44348595,95144978,1
26867341,12142098,1
65335779,74995251,1
9088200,25321024,1
1676102,85677907,1
53838471,14551639,1
72144717,31946017,1
43669689,92514718,1
72144717,98899115,1
73921370,43973229,1
64060555,74995251,1
98108692,12142098,1
63765011,92244205,1
3036525,98899115,2
40296628,74995251,1
5917908,98642737,1
67069892,92244205,1
21647425,74995251,1
40296628,5584557,1
79253386,54246393,1
26302876,91566030,1
74206737,92244205,1
54153353,12330843,1
54153353,15934575,1
73540026,38536176,1
20983883,7583109,1
64497696,53561793,1
20983883,53561793,1
95135529,99895617,1
6959729,53561793,1
36753539,53561793,1
95135529,77430892,1
95391479,77430892,2
53159068,85538292,1
62391870,12330843,1
59909494,42682171,1
31138716,30628342,1
95778054,67369709,1
9088200,53838471,1
14809333,86231890,1
58686485,66510845,1
56729174,66510845,1
77746415,67369709,1
45111496,15934575,1
1004696,15934575,1
58417407,246824,2
1004696,12330843,1
77395552,40165791,1
57923810,70961586,1
509112,86231890,1
17656536,19879369,4
10951211,20471779,1
68983027,246824,1
95391479,99895617,1
5216180,22567149,1
31138748,12330843,1
99895617,77430892,1
64850877,24140813,1
45111496,12330843,1
90709839,66510845,1
37918961,53561793,2
86298302,12330843,1
90709839,246824,1
68983027,66510845,1
60653175,95144978,1
9949194,69025752,1
37355733,53561793,1
58890934,69025752,1
95391479,67652246,1
45111496,70961586,1
45111496,67652246,1
86628397,66715896,1
28411229,53561793,1
95135529,12330843,1
62815928,60192806,2
95391479,15934575,1
32436427,87945456,1
57923810,15934575,1
57923810,68789085,1
13886055,66715896,2
4277316,92678077,1
45111496,21476275,1
15697392,12330843,1
20630993,12330843,1
95342285,29933042,1
42314346,68789085,1
13886055,21476275,1
53134238,47796773,1
39973252,15896377,3
56161887,3878147,1
14625564,72173705,1
66184021,53561793,1
38148464,46292963,2
22255783,15934575,1
91216674,89973818,1
509112,53884327,1
95135529,59668417,1
95135529,15934575,1
17392847,61870097,1
97121534,246824,2
2629374,82338572,2
54523458,45303219,1
64622710,521310,1
44325515,18346203,1
43298631,216400,1
90243557,69125066,1
45111496,77430892,1
14982130,67369709,1
64772727,95355134,1
44357979,48705901,1
21793663,18346203,1
7394851,51503574,1
58364693,49700961,1
51503574,49700961,1
97199358,33582043,1
76122223,48705901,1
44325515,39993118,1
2290952,84587021,1
17062814,94965121,1
17062814,74311497,1
35644872,66510845,1
57235422,79515947,1
68789085,79515947,1
134794,86425573,1
56371622,39511747,1
45111496,79515947,1
46484604,16675401,1
59145714,85538292,1
509112,79515947,1
31138748,18303795,1
21914721,85538292,1
78885719,51503574,1
81667829,16675401,1
81667829,51503574,1
18199984,47796773,1
39161448,33683915,1
45073408,70474819,1
51503574,16675401,1
75663273,88316937,1
17834484,51503574,1
84623525,12330843,1
15991896,66510845,1
67670413,79515947,1
75663273,69025752,2
15991896,246824,1
54153353,18303795,1
18783091,79515947,1
45111496,18303795,1
57235422,18303795,1
99917885,216400,1
96552237,521310,1
59145714,521310,1
31822395,64288605,1
46384640,64288605,1
31822395,89358616,1
95135529,70961586,1
46384640,89358616,1
67670413,93366305,1
60816439,99164128,3
43643990,39406266,1
95135529,93366305,1
38928361,77430892,3
95135529,74234169,1
34982076,521310,1
38928361,18303795,1
18199984,18303795,1
64288605,89358616,1
44357979,76122223,2
86298302,41420011,1
15697392,41066038,1
95391479,41066038,1
97199358,27017434,1
97199358,18753826,1
38454561,5153506,1
49416347,5153506,3
9239462,67239693,1
37355733,5153506,1
53087240,39212005,1
68789085,97154015,1
71029956,80981888,1
86298302,97154015,1
17392847,2980232,1
7902369,5256205,1
31138748,97805514,2
62764753,95288339,1
69022320,69292019,1
54153353,97805514,1
39762458,36274834,1
74025836,76816752,1
55762359,2980232,1
90243557,69292019,1
42549984,15697392,1
23280636,59396342,1
95135529,53884327,1
11401196,76708060,1
56565349,5476137,1
71760376,38235592,1
65722254,5153506,2
63337912,15896377,1
57235422,97154015,1
36229552,78221577,1
21914721,8587283,1
24070295,27822384,8
76619680,39300421,1
79382141,27822384,1
35376047,36818576,1
99895617,2980232,2
58686485,35014469,1
9596347,60192806,1
37057299,95991840,1
37057299,77636351,1
73103803,63221825,3
86800243,35014469,1
95888216,80446961,1
95888216,61870097,2
26606224,43973229,1
83055669,39727199,1
95888216,33295329,1
44196857,74995251,1
95317705,56751332,1
53396924,74995251,1
47416441,74995251,1
86298302,97535003,1
23715082,74995251,1
23715082,5584557,1
70878686,95991840,1
77430892,61870097,1
43410047,54157763,1
73969351,3210462,1
38371232,12142098,12
95888216,34064051,1
46894281,19296495,1
46894281,4590005,1
77413620,5584557,1
50972749,74995251,1
9166630,3741052,1
71129401,29876956,1
16244894,74995251,1
27827896,55458627,1
12168984,28380247,6
80944468,80446961,1
52399945,21160653,1
85934268,12142098,6
5160431,80049,1
9166630,80049,1
41328808,90433339,3
86298302,61870097,1
86298302,80446961,1
96382368,13362787,1
76366749,74995251,1
57235422,97535003,1
18293639,90467043,1
19747316,13362787,1
41852169,84587021,2
79382141,13362787,1
9166630,7583109,1
42549984,97535003,1
9166630,39511747,1
9166630,89538221,1
42314346,89989809,1
14625564,80446961,1
89750836,97535003,1
62159269,61870097,1
46515781,929188,1
71562987,80446961,1
62949240,18609440,1
71562987,97535003,1
16244894,92514718,1
71549075,53561793,1
88016427,33010710,1
82884893,7464236,1
67439129,18609440,3
82884893,5584557,1
75701622,85679594,1
55428127,95533465,1
73969351,72731709,1
66631091,94975403,1
33479607,15896377,1
33479607,52281426,1
40009251,92514718,1
40009251,77636351,1
5550234,5584557,1
31138748,75449910,1
31138748,97535003,1
20974474,40953701,1
19491271,20430139,1
40009251,5584557,1
5160431,74311497,1
95391479,97535003,1
6156471,20349848,1
74048031,27230170,1
54157763,85639636,1
39958382,35014469,1
28411229,95907028,2
56284905,82455342,3
45647987,67439129,1
86800243,89973818,1
3662210,49261032,2
26346626,98394544,1
26346626,7646727,1
95602556,23799812,1
1676102,17529650,1
1676102,53838471,1
74023914,49261032,2
79714388,66422163,1
89278590,35694981,2
7048522,66609227,1
42549984,95391479,1
9107240,36709807,1
69687148,4574317,1
62391870,55053041,1
85760664,89973818,1
4574317,69608165,1
90870247,17529650,1
90870247,89973818,1
74095614,17529650,1
54145110,89973818,1
16553697,74137536,2
54660041,80981888,1
89750836,47796773,1
82822077,4574317,1
31138716,58879441,1
95391479,47796773,1
5983275,47796773,1
45111496,47796773,1
86298302,47796773,1
18902421,89973818,2
60679587,75196295,1
66277622,39077097,1
99309472,22944757,1
12302433,4574317,1
64800973,47767042,1
69046152,89973818,1
89074082,52180990,1
89074082,36709807,1
74731215,98042171,2
49287296,41066038,1
97121534,17529650,1
38928361,41066038,1
71129401,89973818,1
75412284,12973009,1
78275543,69292019,1
43670809,20471779,1
78275543,1208350,3
84214946,73230281,2
95391479,55762359,1
49287296,15697392,1
95135529,86425573,1
95135529,58221725,2
30459676,38235592,1
74063482,67369709,1
30459676,246824,1
90866490,67369709,1
78885719,73276583,1
73791520,1069080,3
86800243,66510845,1
22386838,96122075,1
38085694,79364235,3
38085694,72302640,1
13868640,22567149,1
2923658,20904738,1
62159269,72173705,2
38085694,36818576,7
30563452,96122075,1
69022320,69125066,1
56729174,246824,1
2537771,96122075,1
37442555,52465314,1
77746415,14393232,1
71257091,39511747,1
34415257,96122075,1
15896377,52281426,1
12661198,2485695,1
71432012,42682171,1
78183888,96122075,1
86298302,33295329,1
86298302,47813994,1
86298302,59668417,1
14982130,16675401,1
75376461,24047487,1
86298302,79515947,1
31346162,24047487,1
56565349,4224365,1
49416347,53561793,1
75376461,18303795,1
53802647,16675401,1
84321640,53561793,2
36971564,4224365,1
31138748,93366305,1
95391479,58221725,1
45111496,93366305,1
86298302,72173705,1
75376461,79515947,1
47617802,39511747,1
97199358,89358616,1
50764156,53561793,3
38288710,21739649,1
86298302,18303795,1
95391479,18303795,1
22337209,246824,2
89074082,95026042,1
95391479,79515947,1
26532213,48705901,1
83405993,77430892,3
40115718,39511747,1
3662210,71950826,1
67310320,246824,1
54523458,20904738,1
48849025,53561793,2
70424975,48705901,1
58626084,521310,1
47625150,95026042,4
83507949,95026042,2
29531544,53561793,1
81667829,49700961,1
34415257,96596877,1
51778721,56742651,1
60446272,24597318,1
15353912,41265691,1
63569659,97382002,2
95135529,64532837,1
13524142,31097864,3
38512504,61434326,1
82884893,65116894,1
62209274,33681741,1
49261032,69861453,1
49261032,52465314,1
49261032,39434829,1
79425270,33295329,1
39616118,60107034,1
58626084,70261721,1
49700961,29467702,1
25794878,22609227,1
922824,90458439,3
5967920,22640619,1
39616118,49614784,1
81651203,55762359,1
14625564,34128857,1
228350,55762359,1
26777403,97382002,1
60705670,56742651,1
57923810,29467702,1
60705670,95355134,1
45111496,56742651,1
37355733,66363641,1
39161448,49614784,1
84623525,1048150,1
14809333,34064051,1
45111496,34064051,1
15991896,49261032,1
25788905,34064051,1
3269605,34064051,2
77746415,79501361,1
20630993,34064051,1
23639240,34064051,1
34064051,52465314,1
46792983,79596369,1
89381544,41304299,1
45526924,28215611,1
3269605,61870097,1
45478497,521310,1
47416441,7464236,1
31346162,61870097,1
79114326,49755230,1
49495876,66631091,1
16415500,42682171,1
16415500,35014469,1
9848995,72173705,1
57972593,79515947,1
27901964,81166408,1
37918961,22640619,3
30114165,41304299,1
68532964,3210462,1
80049,85458668,1
87821020,67369709,1
20074152,42682171,1
20074152,246824,2
73438584,34845390,1
40115718,7583109,1
49773711,20411063,1
44707246,80049,1
17392847,18303795,1
82822077,53561793,1
57235422,47813994,1
79307189,95026042,11
78955753,92514718,1
63765011,7464236,1
26073043,92514718,1
26777403,46074709,1
68789085,89989809,1
13273,42695363,2
88825505,80446961,1
94269335,42695363,3
21248692,42695363,2
96498564,86231890,1
60519955,46074709,1
14450194,7464236,1
44539315,95026042,1
52736833,15896377,1
50486787,18518217,1
45734118,18518217,1
45837208,246824,1
88075478,81741925,1
88075478,42682171,1
54165979,7464236,1
92053500,55762359,1
92053500,89989809,1
65942493,55762359,1
65942493,24047487,1
49119829,7464236,1
15656352,3721808,1
58877532,7583109,1
46074709,85679594,1
22717731,66715896,1
929188,85679594,1
22717731,24047487,1
7583772,31355737,1
51778721,80446961,1
20232496,66510845,1
20074152,66510845,1
34115977,32652951,1
41314232,66510845,1
90870247,246824,1
26302876,7464236,1
37227546,95355134,1
65985091,61710923,2
37227546,55762359,1
65865138,7583109,1
65865138,53561793,1
5983275,75449910,1
37227546,24047487,1
37227546,86231890,1
57235422,89989809,1
38928361,80446961,1
38928361,64482751,1
134794,64482751,1
70561506,80049,1
54145110,24047487,1
89531886,50245601,4
28130379,34845390,1
12408228,46074709,1
62949240,67439129,2
27066481,80884613,1
23915872,80049,1
65942493,95391479,1
64634750,80049,1
98716338,1604328,1
99309472,46074709,1
81741925,42682171,1
15002762,53528201,1
2537771,21160653,1
75376461,61870097,1
44196857,92514718,1
70800600,43973229,1
78517433,15896377,2
82884893,92514718,1
74497005,43973229,1
35640750,49606948,1
71166517,90467043,1
50034124,85274643,1
72144717,92514718,1
74206737,92514718,1
73722584,80049,1
58982660,92514718,1
97121534,81741925,1
15221397,72302640,1
7464236,93156967,1
30158258,43973229,1
90626854,92514718,1
22232290,43973229,1
94785698,57982267,1
62596632,81741925,1
52680142,7464236,1
509112,89989809,1
68012315,57982267,1
31138748,89989809,1
32436427,62764753,2
12998737,25321024,1
12998737,79719301,1
44926436,35014469,1
44926436,81741925,1
29897736,92514718,1
6273385,92514718,1
2895768,92514718,1
49119829,92514718,1
62445368,92514718,1
43885262,92514718,1
28026166,92514718,1
93623324,92514718,1
70620138,92514718,1
85933157,92514718,1
63765011,92514718,1
31355737,246824,2
27066481,33582043,1
40115718,3721808,1
86773401,14393232,2
13348379,3721808,1
80049,3721808,1
43298631,45717989,1
80049,41304299,1
12302433,53561793,1
12376678,67369709,1
67113393,67869209,1
68382547,26174540,1
91455313,53972965,1
55654887,35014469,1
19415687,53972965,1
94785698,24914821,1
71665720,87805166,1
96382368,13852594,1
37422707,14013869,1
37422707,51892533,1
19509834,79809248,1
88016427,6923531,1
78940766,22893216,1
91767744,24047487,1
83802440,66510845,1
24736937,67369709,1
91767744,52465314,1
18199984,72173705,1
29531544,3721808,1
91767744,86231890,1
29531544,39511747,1
1982229,24914821,1
283611,12663902,1
86218114,39511747,1
7028136,67869209,1
37355733,22640619,1
83450716,22640619,1
74856148,98040305,1
75376461,53884327,1
47890227,91148590,1
7016228,94227634,1
56729174,51799859,1
40316232,49614784,1
95135529,95355134,1
69046152,49261032,1
19935161,95355134,1
61205425,9663742,1
11767966,32704320,1
99815894,22640619,1
13344908,56742651,1
13344908,34128857,1
487950,24597318,1
58626084,15972792,1
44511658,49614784,1
72943648,30314205,1
72117597,1893168,1
26532213,90395400,2
72117597,37845291,8
93604152,39434829,1
40464931,87823950,1
50065845,99072012,1
64098641,21199047,1
50228477,84895689,1
67882408,3264950,1
15221397,58879441,2
67882408,17037383,1
3662210,36716787,1
31235239,15949490,1
60647669,819665,2
7902369,2598964,1
39579460,72173705,1
43758908,65116894,1
22056994,92630813,1
17392847,47813994,1
15002762,24914821,1
66184021,60192806,1
60299242,24914821,1
72653545,42322430,2
24391405,246824,1
29535476,24914821,1
2537771,24914821,1
26346626,3741052,1
74025836,61710923,1
53838471,246824,1
91455313,19509834,1
91455313,67869209,1
96585798,7646727,1
38928361,79515947,1
38928361,93366305,1
79714388,33465000,1
73417013,74311497,1
70561506,39511747,1
32216611,24914821,1
64497696,74311497,1
61231053,53561793,1
99004711,74311497,1
99483670,14013869,1
39149654,246824,1
70563025,15944708,3
74025836,24914821,1
45111496,33295329,1
6501636,24047487,1
68098119,42682171,1
80935025,66510845,1
80935025,246824,2
34084748,66510845,1
79114326,78796108,1
84321640,39511747,1
64425994,68874817,1
35640750,66510845,1
48522860,24914821,1
7310566,84587021,2
95391479,70961586,1
25595965,69125066,1
14809333,70961586,1
77232480,4224365,1
41388279,18346203,1
65688175,78796108,1
2947226,521310,1
22532838,521310,1
5983275,18303795,1
14625564,18303795,1
60519955,97382002,1
73417013,89538221,1
30452374,36818576,2
73494415,521310,1
92295824,22197156,1
30452374,79364235,1
68098119,81741925,1
79916153,85679594,1
49287296,97535003,1
93055223,92514718,1
93430191,5584557,1
5550234,92514718,1
45111496,97535003,1
9848995,97535003,1
67670413,97535003,1
60096246,35345343,1
18783091,97535003,1
71432012,35014469,1
54153353,89989809,1
39958382,49606948,1
24038010,85679594,1
65335779,68834491,1
5917908,77636351,1
16244894,5584557,1
97190895,41943676,1
95135529,41066038,1
67069892,5584557,1
90626854,5584557,1
68532964,2326697,1
26073043,39727199,1
64910493,77636351,1
35640750,85677907,1
5917908,5584557,1
61166229,83489878,1
29897736,5584557,1
50972749,39727199,1
3036525,92514718,1
72144717,5584557,1
58417407,49606948,1
98203890,85677907,1
83055669,5584557,1
43589230,5584557,1
96382368,56058446,1
64060555,42695363,1
47416441,5584557,1
11154956,72373847,1
10231657,92514718,1
10231657,5584557,1
27901964,78166627,1
11613222,42695363,1
88825505,61870097,1
21082238,49606948,1
50972749,92514718,1
53642340,5584557,1
61218277,25591293,1
75701622,46074709,1
99917885,66043618,1
70878686,5584557,1
45111496,61870097,1
57943079,5584557,1
60236189,5584557,1
38072641,42695363,1
60236189,92514718,1
3036525,5584557,1
94485819,79633540,1
76648810,5584557,1
64910493,5584557,1
49606948,72373847,1
71166517,73683986,1
86401805,92514718,1
53454565,43973229,1
73969351,58879441,1
47627804,56058446,1
71760376,85677907,1
9088200,85677907,1
9088200,3487782,1
74025836,3254405,1
94401983,66510845,1
53195785,18518217,1
95317705,3254405,1
13883827,5584557,1
6273385,5584557,1
15697392,34064051,1
2895768,5584557,1
26073043,5584557,1
43885262,5584557,1
5983275,34064051,1
58982660,5584557,1
9088200,81741925,1
74095614,49261032,1
9088200,42682171,1
74492093,5584557,1
83055669,92514718,1
26842704,43973229,1
21042386,92272634,2
97190895,86976704,1
11767966,90156565,1
62708925,34064051,1
83405993,80446961,1
61892859,43973229,1
93430191,92514718,1
53480640,61870097,1
22056994,97382002,2
92295824,521310,1
34415257,22567149,1
71459615,12831072,3
9140182,35666156,1
24879565,50245601,7
37442555,18783091,1
82822077,3721808,1
20422483,86231890,1
36306187,18303795,1
70947459,69025752,1
21082238,3487782,1
21082238,42682171,1
21082238,66510845,1
29154242,86425573,1
35092033,3487782,1
15221397,521310,1
20422483,18303795,1
37342608,32201967,1
34458265,24914821,1
18199984,20630993,2
18199984,86231890,1
24391405,49261032,1
95636858,48705901,1
99895617,94340449,1
3269605,94340449,1
38928361,12330843,1
7310566,24914821,1
56721084,42682171,1
79425270,72173705,1
67083603,246824,1
67083603,42682171,1
43257272,3721808,1
43395385,3721808,1
31138748,72173705,1
31138748,20630993,1
63441788,521310,1
71549075,13348379,1
42865761,69025752,4
69687148,53561793,1
69687148,3721808,1
79219541,70240897,1
81033197,3487782,1
81033197,246824,3
77395552,3721808,1
1676102,38235592,1
81033197,17529650,1
24070295,35694981,1
64634750,74311497,1
95317705,99909215,1
50228477,39477491,1
35376047,72302640,1
45111496,20630993,2
3721808,39511747,1
3721808,53561793,1
93399707,246824,1
44459700,42682171,1
42740943,82338572,1
85693610,18346203,1
31138748,99895617,1
31138748,77430892,1
70366827,12711275,1
49119829,49915052,1
35092033,53726074,1
60827469,82015838,1
21082238,246470,1
38072641,34609876,1
95391479,54476293,1
58091250,52465314,1
77026967,30661196,1
20074152,53726074,1
83265269,53726074,1
38928361,54476293,1
3269605,69861453,1
3269605,52465314,1
13344908,52465314,1
68098119,31355737,1
75376461,54476293,1
57235422,69861453,1
28118616,42695363,2
38928361,52465314,1
2135162,69861453,1
38928361,69861453,1
88016427,8792986,1
38928361,75922144,1
22807603,42695363,2
38928361,45938208,1
38928361,14271956,1
94269335,34609876,1
13344908,89973818,1
65004102,57969163,1
38928361,2105215,1
95897476,97382002,1
45111496,89973818,1
32216611,36954083,1
13273,34609876,1
76626421,42695363,1
34115977,50169586,1
21248692,34609876,1
25699946,89973818,1
64060555,34609876,1
45111496,45938208,1
7131802,66510845,1
96969563,34609876,1
22807603,34609876,1
74023914,246824,1
7131802,246470,1
86800243,30661196,1
96969563,42695363,2
75376461,45938208,1
15282821,52465314,1
31182399,509112,1
55654887,53726074,1
15282821,95391479,1
21143276,11377527,1
13412599,8587283,1
67280471,20630993,1
79409268,64718279,3
8152867,43973229,1
53899315,43141888,1
89460620,57366079,1
89460620,29467702,1
7175750,57366079,1
62445368,69614174,1
97498501,37205737,2
2891435,97112629,1
46833666,20630993,1
76619680,11229638,1
82277105,93037376,1
31839056,93037376,1
82277105,68457945,1
88602755,93037376,1
19496899,40855747,1
19496899,68457945,1
19496899,93037376,1
91692716,68457945,1
40855747,93037376,1
31839056,68457945,1
82277105,40855747,1
98196544,40855747,1
88602755,98196544,1
91692716,40855747,1
31839056,98196544,1
56009054,43973229,1
13344908,86231890,1
46292963,55459642,1
8386850,58148865,1
91011681,41683487,1
75120131,31235239,1
75120131,64292688,1
44261180,39434829,1
19033017,44881144,1
19033017,15255950,1
58417407,56610896,1
22255783,20630993,1
55636214,48520858,1
45111496,8227373,1
88563079,20630993,1
33295329,81552058,1
44632826,20630993,1
95391479,20630993,1
61205425,39434829,1
85184879,48510138,1
79382141,82455342,1
61259853,43973229,1
80589617,43973229,1
85006125,39212005,1
58083331,97382002,3
19912370,5373856,1
14489390,42936281,1
21761740,8723858,1
55949073,63649393,1
70251070,32379045,1
79114326,65116894,1
41250178,97498501,1
86787881,11401196,1
10441252,65116894,1
55428127,13584432,1
6959729,65116894,1
82822077,69608165,1
21711609,43232737,1
87432494,43232737,1
42549984,97323196,1
12376678,9144083,1
42549984,81457089,1
95135529,81457089,1
86800243,51824266,1
48798442,2941381,1
53484076,51824266,1
61464361,25248100,1
60653175,41683487,1
49261032,25321024,1
70168501,91148590,1
8386850,39381550,1
84623525,14271956,1
15353912,72173705,1
20422483,20630993,1
8544497,43232737,1
89151711,97382002,3
29026558,47495235,1
79114326,47399658,1
55762359,20630993,1
63765011,3207492,1
40464931,43232737,1
7539870,31079554,1
17381933,44631307,1
60827469,563267,1
95135529,45938208,1
95135529,69861453,1
54223426,52465314,1
44261180,509112,1
9107240,26987973,2
94553933,35694981,1
47627804,1721234,1
62391870,69861453,1
62391870,9387919,1
61416500,33701534,1
31182399,52465314,1
71562987,89973818,1
15221397,35694981,2
28984974,563267,1
2135162,33312159,1
55231398,64532837,1
37205737,5714731,1
68382547,563267,1
58514210,52465314,1
15697392,9387919,1
35092033,24324066,1
18199984,89973818,1
29154242,509112,1
2916169,69990918,1
67202540,15896377,1
4248563,97382002,3
90856652,43012987,1
16415500,30661196,1
44926436,53726074,1
64874162,82015838,1
98130302,563267,1
99895617,52465314,1
28081977,87682098,1
16765549,9387919,2
18199984,9387919,1
20422483,64532837,1
20422483,75922144,1
20630993,9387919,1
97190895,18412187,1
21019619,99625506,1
31182399,14271956,1
86298302,14271956,1
12342011,33125835,1
43643990,33125835,3
83567709,27822384,3
60647669,15776235,1
86298302,45938208,1
68705941,6845856,1
29154242,12711275,1
66510845,53726074,1
64333144,42695363,1
89750836,52465314,1
95888216,52465314,1
46074709,58808516,1
99917885,39237277,1
65470187,97382002,1
46074709,33701534,1
41919688,15896377,1
82893996,2105215,1
43669966,39237277,1
45111496,69861453,1
86298302,69861453,1
93399707,53726074,1
23063914,52426396,1
85278640,5642476,1
99309472,43012987,1
73417013,22640619,1
20630993,69861453,1
41098894,52465314,1
52896642,15776235,1
16765549,509112,1
22145618,97382002,1
86298302,509112,1
88563079,52465314,1
13886055,5642476,1
97190895,71007398,1
99309472,97382002,1
11424893,81552058,1
77204384,33701534,1
86298302,18582568,1
44707246,26987973,2
80276954,94227634,1
71562987,52465314,1
17092064,52465314,1
35119111,42419860,4
21476275,52465314,1
55949073,34356996,1
15353912,75922144,1
95342285,92474579,1
86298302,75922144,1
86298302,2105215,1
86298302,54476293,1
86298302,52465314,1
59450745,82527882,2
49675832,33055752,1
12478273,50208859,1
14625564,5642476,1
46833666,52465314,1
51778721,75922144,1
7902369,81456598,1
15697392,52465314,1
19986521,81456598,1
5256205,81456598,1
45111496,52465314,1
62391870,52465314,1
91697463,52465314,1
57235422,52465314,1
72925615,88961214,1
68789085,52465314,1
20630993,52465314,1
55762359,52465314,1
18956399,64196333,1
95135529,85091635,1
19465415,15896377,1
36306187,52465314,1
51778721,52465314,1
33479607,79307189,1
58626084,73419737,1
50228477,12376678,1
96552237,55458627,1
71225179,60192806,1
79425270,54476293,1
20630993,54476293,1
51126759,66510845,1
12408228,17037383,1
15697392,17037383,1
68789085,18783091,1
95135529,18783091,1
45111496,9387919,1
45111496,70986556,1
86298302,9387919,1
19747316,41683487,1
95636858,45113309,1
21019619,43141888,1
509112,70986556,1
86298302,70986556,1
95636858,76122223,1
4063018,27123287,1
3269605,70986556,1
31151198,39226896,1
61826439,6895995,1
18783091,33295329,1
57235422,17037383,1
60705670,17037383,1
45192883,5117214,1
45192883,17037383,1
79425270,77430892,1
68789085,69861453,1
77204384,17037383,1
69672062,70986556,1
20630993,70986556,1
18902421,52465314,1
24774973,77075734,1
26667745,95288339,1
86532385,5642476,1
53134238,52465314,1
60706683,74043335,1
53912617,52465314,1
89750836,34252900,1
78464612,99518952,1
91519769,54265539,1
14625564,34252900,1
26353067,99518952,3
82893996,95391479,1
82893996,34252900,1
88607891,87682098,2
59668417,34252900,1
11229443,26652379,1
21143276,22944757,1
52397645,77481872,1
53134238,89973818,1
44261180,52465314,1
58091250,34252900,1
85760664,52465314,1
12872339,75922144,1
70727995,56610896,1
95391479,34252900,1
49261032,64196333,1
39579460,18582568,1
1004696,18582568,1
15353912,14271956,1
49867992,41683487,1
52896642,563267,1
7902369,60128924,1
79030979,95533465,1
89750836,91587638,1
85944857,54707788,1
96498564,52465314,1
49261032,66510845,1
24806856,11229443,1
52380117,19001188,1
8078650,49261032,1
83769144,96577731,1
24038010,97382002,1
22255783,52465314,1
90866490,54707788,1
59668417,91587638,1
52380117,33701534,1
26777403,19001188,1
85832483,97898629,1
55051185,89973818,1
83405993,52465314,1
58091250,33312159,1
95391479,33312159,1
47873775,64532837,1
47873775,56742651,1
47873775,89973818,1
95391479,91587638,1
64874162,15776235,1
57235422,75922144,1
9107240,95026042,1
14625564,75922144,1
71562987,75922144,1
64333144,11613222,1
78505263,62884213,1
58091250,75922144,1
60705670,52465314,1
58083331,19001188,1
47627804,9945162,1
62209274,42742200,1
46720172,77231804,3
46720172,98236205,1
7288851,56610896,1
8703698,563267,1
5117214,19001188,1
36591889,34609876,1
85679387,33701534,1
13238725,17381933,1
69046152,24324066,1
67280471,89973818,1
35546259,43796086,1
17474516,344452,1
26372106,52338125,1
51565659,79307189,1
95241589,39645119,1
12989626,98789145,1
60734009,98789145,1
12750493,81652016,1
23546350,23201713,1
45682589,6895995,1
60053302,39645119,1
10925541,25794878,1
68233965,15994342,1
57560456,15994342,1
15002762,53398586,1
67337099,9680146,1
3359511,41862094,1
283611,52338125,1
98130302,81669184,1
88500086,21537202,1
44459700,27978520,1
72082335,68721969,1
83265269,75893901,1
61778515,18525157,1
95144978,15171842,1
78798859,49643695,1
14095364,62191029,1
94785698,80094868,1
2304498,10629067,1
42740943,33295329,1
14982130,7280213,1
49675832,39129920,1
45162623,3074689,1
49283356,18516544,1
80683184,88651301,1
93037376,17420752,1
30547738,27123287,1
53414072,22939852,1
49867992,53507547,1
86773401,24736937,1
92484182,4492202,1
13496249,58298364,1
31723133,87223292,1
6959729,41671098,1
24674935,72737870,1
97945879,72366853,1
41256039,59220028,1
23918990,85417071,1
71210926,75632285,1
71292189,82939633,1
19368815,37560704,1
77378678,19280041,1
78675178,1893168,1
44172397,41803425,1
89151711,53507547,1
75414433,26992593,1
12342011,47874634,1
7722881,20007499,1
42628712,59220028,1
57043871,88403444,1
43298631,13602763,1
54147912,23063914,1
54954238,87820873,1
98337684,97426942,1
16191580,36856280,1
92008708,35877519,1
83621482,36709807,1
67845082,83147961,1
64340455,78816204,1
9222916,37498570,2
996775,68219192,1
24806856,21537202,1
66277622,50290848,1
17428141,57509525,1
84350983,6481458,1
84189202,17595417,1
44967521,43669966,1
94514038,6177980,1
85944857,97162385,1
46792983,78664404,1
5819556,73460459,1
63376549,61042046,1
50185930,28454765,1
68340179,45755244,1
25331160,99778408,1
52067765,99778408,1
3669659,78664404,1
24980260,48498630,1
31567919,97162385,1
19408718,52285188,1
14246537,79589707,1
80832753,36669762,1
4741647,78664404,1
60446272,75810993,1
51589002,89586097,1
64425994,60684095,1
31151198,81800570,1
4135906,87012940,1
65335779,2438458,1
32216611,82168740,1
82865101,81800570,1
43398858,87993107,1
53378308,97458906,1
10301035,39645119,1
37560704,59651877,1
67566967,17552748,1
5462476,3865176,1
70307188,13291636,1
37048380,29955057,1
6376295,87135219,1
58762560,74843700,1
17799209,67113393,1
38454561,19501279,1
3243034,50896768,1
8688520,72374370,1
93005962,41768729,1
66184021,34008451,1
27066481,85342726,1
49400850,5890380,1
67869209,49651113,1
99200873,69718878,1
29770990,76101085,1
25637210,90497817,1
13133613,66026903,1
60199803,36670772,1
39097274,98177321,1
60286696,2116328,1
7048522,38414611,1
9949194,52278974,1
74304883,82338572,1
52029423,63127605,1
32185473,96941836,1
2240995,6401671,1
82520206,72179470,1
81009318,17942795,1
41852169,66326885,1
53335593,5515679,1
28130379,58993079,1
38773152,9620097,1
17509641,22878528,1
7310566,41153496,1
64622710,19764552,1
60662514,53507547,1
45755244,33295329,1
50486787,25099079,1
35831046,72366853,1
13167671,71884974,1
5335095,49726859,1
22042746,41153496,1
28118616,21192848,1
31079554,66422163,1
2565588,55900879,1
74497005,15994342,1
45478497,19089295,1
41683089,54954238,1
48798442,39645119,1
42546310,45112045,1
55036661,24077550,1
29090670,19764552,1
42957428,75419180,1
15602377,88056790,1
30828670,89842848,1
88607891,47652066,1
68724770,68448104,1
19428836,10666529,1
28704311,90654538,1
67027080,11597398,1
40777236,56110467,1
40316232,29221919,1
71225179,58452264,1
36561568,30613987,1
52070123,69418996,1
17552748,76044537,1
80884613,4166227,1
92295824,39645119,1
7464236,44250680,1
